topic_id,Topic,question_id,question
W01,how much protein do I need for muscle gain,W01Q01,How much protein do I need for muscle gain?
W01,how much protein do I need for muscle gain,W01Q02,What's the ideal daily protein intake for lifting weights?
W02,how should I spread out my protein intake,W02Q01,How should I spread my protein across meals?
W02,how should I spread out my protein intake,W02Q02,Is it better to eat protein in one big meal or several small ones?
W03,what should I eat before a workout,W03Q01,What's a good pre-workout meal?
W03,what should I eat before a workout,W03Q02,When should I eat before training?
W04,what should I eat after a workout,W04Q01,What should I eat to recover after training?
W04,what should I eat after a workout,W04Q02,What's a good post-workout snack?
W05,how much water should I drink during exercise,W05Q01,How much should I drink during a workout?
W05,how much water should I drink during exercise,W05Q02,Do I need electrolytes during long training sessions?
W06,how many days a week should I strength train,W06Q01,How often should I do strength training?
W06,how many days a week should I strength train,W06Q02,How many days a week should a beginner lift weights?
W07,how much cardio should I do each week,W07Q01,How many minutes of cardio do I need weekly?
W07,how much cardio should I do each week,W07Q02,What's the weekly aerobic exercise target?
W08,what counts as strength training,W08Q01,What exercises count as muscle-strengthening activity?
W09,how long should I rest between sets,W09Q01,What's a good rest time between sets?
W10,do I need rest days,W10Q01,How many rest days should I take?
W10,do I need rest days,W10Q02,Is it okay to train the same muscles two days in a row?
W11,what should my plate look like,W11Q01,How do I build a balanced meal?
W12,how much sugar and saturated fat is okay,W12Q01,What's the daily limit for added sugar?
W13,how much sodium should I eat per day,W13Q01,What's the recommended sodium limit?
W14,how do I get a gym induction,W14Q01,How do I book a session with a trainer?
W15,is exercise advice different for older adults or pregnant members,W15Q01,Is the exercise advice different for older adults?
W16,should I do stretching or balance work,W16Q01,Do I need to do flexibility training?
W17,can I do HIIT instead of normal cardio,W17Q01,Is high intensity interval training a good alternative to steady cardio?
W17,can I do HIIT instead of normal cardio,W17Q02,Can I do HIIT to meet my weekly aerobic exercise goals?
W18,what are the training guidelines for seniors and pregnancy,W18Q01,What are the fitness recommendations for older adults to prevent falls?
W18,what are the training guidelines for seniors and pregnancy,W18Q02,How much exercise should a pregnant or postpartum woman get?
W19,how do I stretch safely without hurting my joints,W19Q01,Should I do static stretching before or after a gym workout?
W19,how do I stretch safely without hurting my joints,W19Q02,How long should I hold a stretch to improve flexibility?
W20,does sleep affect muscle growth and performance,W20Q01,How does a lack of sleep impact muscle recovery and hormones?
W21,how do I avoid overhydrating or cramping,W21Q01,What is hyponatremia and how do I prevent it during long workouts?
W22,does caffeine improve workout performance,W22Q01,How much caffeine should I take before a strength training session?
W23,should I take creatine or pre sleep protein,W23Q01,Is creatine monohydrate safe and effective for building explosive strength?
W23,should I take creatine or pre sleep protein,W23Q02,What are the benefits of drinking a casein protein shake before bed?
W24,can teenagers join the gym,W24Q01,What is the minimum age to sign up for a gym membership?
W24,can teenagers join the gym,W24Q02,Are there restriction rules for underage members?